Top queries,Clicks,Impressions,CTR,Position
tertullian,0,45,0%,71.13
britannica pseudo-dionysius corpus areopagiticum,0,30,0%,8.3
justin martyr,0,30,0%,71.4
arius,0,24,0%,74.42
ignatius of antioch,0,23,0%,80.48
clement of alexandria,0,20,0%,79.4
chrysostom,0,19,0%,86
hippolytus of rome,0,17,0%,64.12
third council of toledo arian bishops attended number,0,16,0%,8.62
toletum iii eight arian bishops,0,16,0%,10.5
maximus the confessor,0,16,0%,75.06
pelagius,0,16,0%,85.88
john chrysostom,0,16,0%,87.94
clement of rome,0,15,0%,72.67
catholic encyclopedia rufinus melania the elder,0,14,0%,2.5
evagrius ponticus,0,14,0%,62.57
pope gregory i,0,14,0%,73.57
gregory of nyssa,0,14,0%,86.21
britannica rufinus of aquileia melania the elder,0,13,0%,7.92
apostolic fathers,0,13,0%,72.85
venerable bede,0,13,0%,83.08
pseudo dionysius the areopagite,0,12,0%,62.33
nestorius,0,12,0%,64.83
anthony the great,0,12,0%,67.67
patristic,0,11,0%,56.36
evagrius,0,11,0%,70.82
the venerable bede,0,11,0%,72.18
pope gregory 1,0,11,0%,72.27
benedict of nursia,0,10,0%,76
pope leo 1,0,9,0%,53.33
paul tarsus,0,9,0%,60.22
dionysius the areopagite,0,9,0%,70.67
bede the venerable,0,9,0%,74.89
bede venerable,0,9,0%,78.78
"""markus"" ""ignores"" augustine predestination",0,8,0%,7
pope leo i,0,8,0%,60.25
basil of caesarea,0,8,0%,78.62
third council of toledo 589 arian bishops eight,0,7,0%,9.57
theodoret,0,7,0%,60
apostolic age,0,7,0%,68.14
patristic era,0,7,0%,71
cyprian,0,7,0%,74.14
origen of alexandria,0,7,0%,74.71
lactantius,0,7,0%,76
papias,0,7,0%,76.86
isidore of seville,0,7,0%,78.71
third council of toledo 589 reccared,0,6,0%,9
acacian schism,0,6,0%,19.67
acacian,0,6,0%,22.83
epiphanius,0,6,0%,63.83
cyril of alexandria,0,6,0%,70.17
ephrem,0,6,0%,73
irenaeus of lyons,0,6,0%,76.83
john cassian,0,6,0%,77.33
justin the martyr,0,6,0%,77.33
gregory i,0,6,0%,78.33
eusebius of caesarea,0,6,0%,79
martin of tours,0,6,0%,86.83
pachomius,0,6,0%,89.5
priest arius,0,5,0%,44
theodoret of cyrus,0,5,0%,49.6
ante nicene period,0,5,0%,58.2
tertullianus,0,5,0%,60.8
leo i,0,5,0%,62.6
jesus of nazareth person,0,5,0%,63.8
apostolic period,0,5,0%,64.6
leo 1,0,5,0%,66.6
patristic period,0,5,0%,68.6
dionysius areopagite,0,5,0%,72.2
polycarp of smyrna,0,5,0%,72.2
james zebedee,0,5,0%,73.8
who was arius,0,5,0%,73.8
evagrius of pontus,0,5,0%,76.8
edict of milan 313,0,5,0%,78.4
cyprian of carthage,0,5,0%,79
areopagite,0,5,0%,83
st bede the venerable,0,5,0%,85.4
"""markus"" ""ignores"" ""predestination"" augustine",0,4,0%,7
catholic encyclopedia judas iscariot kerioth,0,4,0%,7.25
"council of chalcedon ""peter has spoken through leo""",0,4,0%,8.25
"""markus"" ""ignores"" predestination augustine",0,4,0%,8.75
third council of toledo date,0,4,0%,9.5
third council of toledo attendance 72 bishops source,0,4,0%,11
prosper of aquitaine,0,4,0%,49.5
ante-nicene period,0,4,0%,53.25
patristic era definition,0,4,0%,55
patristic theology books,0,4,0%,55.5
ante nicene,0,4,0%,57.5
pope victor i,0,4,0%,59.5
theodoret of cyrrhus,0,4,0%,61.5
pseudo dionysius,0,4,0%,64.25
who were the apostolic fathers,0,4,0%,64.75
justin martyr death,0,4,0%,66
pseudo-dionysius the areopagite,0,4,0%,66.75
apostolic era,0,4,0%,67.25
mary magdalene disciple,0,4,0%,68
nestorius meaning,0,4,0%,68
john chrysostomos,0,4,0%,68.5
pope gregory,0,4,0%,70
saint nestorius,0,4,0%,70
damasus i,0,4,0%,72.5
pope damasus i,0,4,0%,72.5
the apostolic fathers,0,4,0%,72.5
tertullian church father,0,4,0%,74
desert fathers,0,4,0%,74.25
martin av tours,0,4,0%,75
monk bede,0,4,0%,77.5
nursia,0,4,0%,77.75
who is jesus of nazareth,0,4,0%,78
arius of alexandria,0,4,0%,78.75
mary magdalene parents,0,4,0%,78.75
st. bede the venerable,0,4,0%,81
venerablebede,0,4,0%,82.25
gregory of nazianzus,0,4,0%,86.75
st epiphanius,0,4,0%,88.75
diodore,0,3,0%,1
palladius of galatia icon,0,3,0%,1
"""markus"" ""ignores"" ""predestination"" ""augustine""",0,3,0%,7.33
britannica pseudo-dionysius the areopagite corpus areopagiticum,0,3,0%,9.33
historical events in 589 ad,0,3,0%,9.33
ante nicene creed,0,3,0%,32
pope zephyrinus,0,3,0%,34.67
marcellus of ancyra,0,3,0%,38.33
second council of constantinople,0,3,0%,52
epiphanius of salamis,0,3,0%,57.67
pseudo-dionysius,0,3,0%,58.67
the apologists,0,3,0%,61.33
chrysostomos meaning,0,3,0%,61.67
pope agatho,0,3,0%,61.67
who was tertullian,0,3,0%,62
pseudo dionysius of tel mahre,0,3,0%,63
apologists,0,3,0%,65.33
tertullian heretic,0,3,0%,67
was peter the first bishop of rome,0,3,0%,67
arius the heretic,0,3,0%,68.33
novatian,0,3,0%,68.67
papias of hierapolis,0,3,0%,68.67
who was jesus of nazareth,0,3,0%,68.67
origin of alexandria,0,3,0%,69
constantine 313,0,3,0%,69.33
apostolic father,0,3,0%,70.33
nestorian priest,0,3,0%,70.33
who was justin martyr,0,3,0%,70.67
theodore of mopsuestia,0,3,0%,71
st. polycarp of smyrna,0,3,0%,74
tertullian of carthage,0,3,0%,77
tarsus paul,0,3,0%,77.33
apostolic age definition,0,3,0%,77.67
maximus confessor,0,3,0%,77.67
theodore in bible,0,3,0%,78
who is venerable bede,0,3,0%,79
evangelist mark,0,3,0%,79.33
cassian john,0,3,0%,80
athanasius of alexandria,0,3,0%,80.67
gregory nazianzus,0,3,0%,81.67
who is arius,0,3,0%,81.67
anthony of egypt,0,3,0%,83
how old were the apostles,0,3,0%,87.33
st hippolytus,0,3,0%,89.33
saint isidore of seville,0,3,0%,93
martin de tours,0,3,0%,95.33
cyrus the great,0,3,0%,105.67
third council of toledo opening date may 8 589,0,2,0%,6
patristic band,0,2,0%,8.5
third council of toledo,0,2,0%,24
diodore of tarsus,0,2,0%,24.5
pope anterus,0,2,0%,30
dionysius of rome,0,2,0%,31.5
acacius rome,0,2,0%,34
sozomen,0,2,0%,42
lucius i,0,2,0%,46
pope dionysius,0,2,0%,47.5
theodore of tarsus,0,2,0%,48.5
arius presbyter of alexandria,0,2,0%,50.5
leo's tome,0,2,0%,52.5
eusebius pamphilius,0,2,0%,53
constantine 325 ad,0,2,0%,53.5
fr bede,0,2,0%,53.5
leo father,0,2,0%,55.5
who was pseudo-dionysius,0,2,0%,56
list of apostolic fathers,0,2,0%,57
ante-nicene,0,2,0%,57.5
pope celestine i,0,2,0%,59
who is pseudo dionysius,0,2,0%,61
patristic age,0,2,0%,61.5
mother christ,0,2,0%,62.5
hippolytus,0,2,0%,63.5
who was dionysius,0,2,0%,63.5
how did justin martyr die,0,2,0%,65
victor i pope,0,2,0%,66
venerable english monk,0,2,0%,67
313 edict of milan,0,2,0%,69
macarius the great,0,2,0%,69
bishop of antioch,0,2,0%,69.5
the patristic period,0,2,0%,69.5
cyprian church father,0,2,0%,70
paul of tarsus,0,2,0%,70
chrysostom john,0,2,0%,70.5
arius council of nicaea,0,2,0%,71
church father tertullian,0,2,0%,71
death of arius,0,2,0%,71
anicetus,0,2,0%,71.5
who is tertullian,0,2,0%,71.5
heretic arius,0,2,0%,72
nestorius definition,0,2,0%,72
polycarp smyrna,0,2,0%,73
pope damasus,0,2,0%,73
ven bede,0,2,0%,73
venerable bead,0,2,0%,73.5
who were the apologists,0,2,0%,73.5
nicene,0,2,0%,74
theodore mopsuestia,0,2,0%,74
apostolic church fathers,0,2,0%,74.5
gregory the first,0,2,0%,74.5
arius alexandria,0,2,0%,75.5
how old were the apostles when they were called,0,2,0%,75.5
polycarp bishop of smyrna,0,2,0%,76
who was pelagius,0,2,0%,76
clement alexandria,0,2,0%,76.5
isidore,0,2,0%,76.5
jesus of nazareth information,0,2,0%,76.5
apostolic lineage,0,2,0%,77
of tarsus,0,2,0%,77.5
bede monk,0,2,0%,79
apostolic age timeline,0,2,0%,80
st. epiphanius,0,2,0%,80
arius council of nicea,0,2,0%,80.5
nazianzus,0,2,0%,81
saint bede the venerable,0,2,0%,81
saint justin martyr,0,2,0%,81
serapion,0,2,0%,81
gregory nyssa,0,2,0%,81.5
john of chrysostom,0,2,0%,81.5
apostolic fathers list,0,2,0%,82
saint polycarp of smyrna,0,2,0%,82
st boethius,0,2,0%,82
what did constantine say about jesus,0,2,0%,82.5
nicenes,0,2,0%,83
pope gregory the first,0,2,0%,83
who is the jesus of nazareth,0,2,0%,84.5
ante nicene meaning,0,2,0%,85
isidore seville,0,2,0%,86
john damascus,0,2,0%,86.5
lineage of mary the mother of jesus,0,2,0%,86.5
mary the mother of jesus lineage,0,2,0%,87.5
saint boethius,0,2,0%,89.5
313 ce,0,2,0%,90
facts about matthew the apostle,0,2,0%,91
constantine the great and christianity,0,2,0%,91.5
why jesus was called jesus of nazareth,0,2,0%,92
where was matthew the apostle born,0,2,0%,93.5
st cyprian of carthage,0,2,0%,94.5
who is clement of rome,0,2,0%,94.5
who is mary mother of jesus parents,0,2,0%,95.5
first apostle to be martyred,0,2,0%,97
shenoute,0,1,0%,1
events in 589 ad,0,1,0%,6
third council of toledo opening date may 589,0,1,0%,6
clement of alexandria dates,0,1,0%,7
theodoret antiochene church father,0,1,0%,7
catholic encyclopedia gospel of mark mark interpreter of peter papias,0,1,0%,8
"cyprian ""he cannot have god for his father who has not the church for his 
mother""",0,1,0%,8
euodius,0,1,0%,8
third council of toledo filioque 589,0,1,0%,8
third council of toledo opening date,0,1,0%,8
britannica cyprian carthage,0,1,0%,9
filioque third council of toledo 589,0,1,0%,9
third council of toledo 589 ad reccared i,0,1,0%,9
third council of toledo 589 eight arian bishops,0,1,0%,9
aegroms schism,0,1,0%,10
papias on mark the evangelist,0,1,0%,10
"""how many arian bishops"" ""third council of toledo""",0,1,0%,11
possidius of calama,0,1,0%,11
theodore of cyrus,0,1,0%,11
third council of toledo opened 8 may 589,0,1,0%,11
"""what has not been assumed has not been healed"" gregory nazianzen",0,1,0%,12
celestius,0,1,0%,12
johannes damascenus,0,1,0%,13
yes,0,1,0%,15
judas iscariot lineage,0,1,0%,18
schism of the three chapters,0,1,0%,23
church fathers timeline,0,1,0%,24
venerable bede wikipedia,0,1,0%,29
council of chalcedon (451 ad),0,1,0%,30
pope martin i,0,1,0%,30
theotokos council of ephesus,0,1,0%,31
ephraem syrus,0,1,0%,32
sons of arius,0,1,0%,33
novatianists,0,1,0%,35
pope 440,0,1,0%,36
what is not assumed is not healed,0,1,0%,38
council of ephesus 431,0,1,0%,39
second schism,0,1,0%,40
venerable beda,0,1,0%,40
boethius execution,0,1,0%,41
catholic schisms,0,1,0%,42
list of schisms in the catholic church,0,1,0%,42
apollinaris of laodicea,0,1,0%,43
paus leo ii,0,1,0%,43
anti nicene,0,1,0%,44
marius victorinus,0,1,0%,44
council of carthage 397 ad,0,1,0%,45
council of toledo,0,1,0%,45
jesus of nazareth pontius pilate,0,1,0%,45
rufinus of aquileia,0,1,0%,45
hispalensis,0,1,0%,47
313 dc,0,1,0%,48
mary magdalene father,0,1,0%,48
clement of alexandria protrepticus,0,1,0%,49
why did justin martyr convert to christianity,0,1,0%,49
anthony the great monasticism,0,1,0%,50
was arius excommunicated,0,1,0%,50
leos tome,0,1,0%,51
pope anicetus,0,1,0%,51
john the golden mouth,0,1,0%,53
martin af tours,0,1,0%,53
evagrius ponticus praktikos,0,1,0%,54
father of latin theology,0,1,0%,54
saint theodore of tarsus,0,1,0%,54
st soter,0,1,0%,54
alypius of thagaste,0,1,0%,55
ante nicene christianity,0,1,0%,55
ante-nicene christianity,0,1,0%,55
clement church father,0,1,0%,55
maximos the confessor,0,1,0%,55
1st council of constantinople,0,1,0%,56
cyril ii,0,1,0%,56
pope victor the first,0,1,0%,56
areopagiet,0,1,0%,57
eusebius caesariensis,0,1,0%,57
gregory 1,0,1,0%,57
hippolytus antipope,0,1,0%,57
martin of,0,1,0%,57
constantine father,0,1,0%,58
how did arius die,0,1,0%,58
what happened at the council of nicaea in 325 ad,0,1,0%,58
epiphanius panarion,0,1,0%,59
isidor av sevilla,0,1,0%,59
parents of jesus,0,1,0%,59
polycarp and irenaeus,0,1,0%,59
when was clement of rome born,0,1,0%,59
antipope hippolytus,0,1,0%,60
nicene period,0,1,0%,60
paul father,0,1,0%,60
paul pharisee,0,1,0%,60
pope matthew,0,1,0%,60
st caius,0,1,0%,60
eusebius bishop,0,1,0%,61
pope 440 461,0,1,0%,61
who is pope gregory i,0,1,0%,61
apostle who was a tax collector,0,1,0%,62
clement of rome biography,0,1,0%,62
james just,0,1,0%,62
schismatic church,0,1,0%,62
why was boethius imprisoned,0,1,0%,62
apostlen peter,0,1,0%,63
clement bishop of rome,0,1,0%,63
ephrem of nisibis,0,1,0%,63
first council of nicaea 325,0,1,0%,63
list of schisms in christianity,0,1,0%,63
metropolitan gregory of nyssa,0,1,0%,63
papst gregor,0,1,0%,63
schismatic,0,1,0%,63
who is pseudo-dionysius,0,1,0%,63
justin marter,0,1,0%,64
paul de tarse,0,1,0%,64
clement of alexandria writings,0,1,0%,65
father cyprian,0,1,0%,65
saint fulgentius of ruspe,0,1,0%,65
tertullian meaning,0,1,0%,65
theodore in the bible,0,1,0%,65
saint caius,0,1,0%,66
sulpicius severus,0,1,0%,66
when was tertullian born,0,1,0%,66
who is justin martyr,0,1,0%,66
2nd council of constantinople,0,1,0%,67
martin of tours died,0,1,0%,67
who is dionysius,0,1,0%,67
who was justin martyr a disciple of,0,1,0%,67
boethius christian,0,1,0%,68
cenobitic,0,1,0%,68
clement of alexandria paedagogus,0,1,0%,68
father cassian,0,1,0%,68
lactanius,0,1,0%,68
pope victor 1,0,1,0%,68
saint arius,0,1,0%,68
smyrna polycarp,0,1,0%,68
who is jesus christ of nazareth,0,1,0%,68
ignatius church father,0,1,0%,69
maxim the confessor,0,1,0%,69
papias god,0,1,0%,69
st severinus boethius,0,1,0%,69
tertullian catholic,0,1,0%,69
was clement of rome a pope,0,1,0%,69
why was boethius executed,0,1,0%,69
constantine the first pope,0,1,0%,70
edict of milan in 313,0,1,0%,70
isaac of nineveh,0,1,0%,70
jerome stridon,0,1,0%,70
johannes apostel,0,1,0%,70
nicene christianity,0,1,0%,70
of hippo,0,1,0%,70
pope damasus 1,0,1,0%,70
st benedict of nursia,0,1,0%,70
the apostolic age,0,1,0%,70
victor 1 pope,0,1,0%,70
what did paul of tarsus look like,0,1,0%,70
who was papias,0,1,0%,70
313 ad,0,1,0%,71
arius death,0,1,0%,71
council constantinople,0,1,0%,71
dionysius,0,1,0%,71
early apostolic fathers,0,1,0%,71
pope leo the second,0,1,0%,71
was the apostle paul a pharisee,0,1,0%,71
who was dionysius the areopagite,0,1,0%,71
who was the father of western monasticism,0,1,0%,71
cassian the monk,0,1,0%,72
dionysius the areopagite biography,0,1,0%,72
early desert fathers,0,1,0%,72
ephraem the syrian,0,1,0%,72
nicene orthodoxy,0,1,0%,72
tertillian,0,1,0%,72
the parents of jesus,0,1,0%,72
victor 1,0,1,0%,72
which apostle was a tax collector,0,1,0%,72
who is pelagius,0,1,0%,72
clement of alexandria birth date,0,1,0%,73
clement pope,0,1,0%,73
desert fathers list,0,1,0%,73
jerome of stridon,0,1,0%,73
johannes van damascus,0,1,0%,73
paul the tarsus,0,1,0%,73
saint maximus the confessor,0,1,0%,73
tertullian: books,0,1,0%,73
victor the first,0,1,0%,73
when did justin martyr die,0,1,0%,73
benedikt av nursia,0,1,0%,74
dionysius the great,0,1,0%,74
eusebius van caesarea,0,1,0%,74
saint epiphanius of salamis,0,1,0%,74
st tertullian,0,1,0%,74
tertullian death,0,1,0%,74
what is the lineage of mary the mother of jesus,0,1,0%,74
who was john chrysostom,0,1,0%,74
who was the venerable bede,0,1,0%,74
ad 313,0,1,0%,75
fathers of the desert,0,1,0%,75
how old were the apostles when they followed jesus,0,1,0%,75
justyn martyr,0,1,0%,75
arius heretic,0,1,0%,76
is eusebius of caesarea a saint,0,1,0%,76
is tertullian a church father,0,1,0%,76
john the presbyter,0,1,0%,76
saint epiphanius,0,1,0%,76
the areopagite,0,1,0%,76
was arius a bishop,0,1,0%,76
who was origen of alexandria,0,1,0%,76
bishops of christ,0,1,0%,77
theodore of mopsuestia christology,0,1,0%,77
what was the council of constantinople,0,1,0%,77
arius arianism,0,1,0%,78
gregory i the great,0,1,0%,78
ignatius bishop of antioch,0,1,0%,78
jerome bible translation,0,1,0%,78
st maximus the confessor,0,1,0%,78
was tertullian a church father,0,1,0%,78
when did tertullian live,0,1,0%,78
augustine of hippo carthage,0,1,0%,79
cyprians,0,1,0%,79
damasus,0,1,0%,79
patristic exegesis,0,1,0%,79
patristic fathers,0,1,0%,79
the evangelist mark,0,1,0%,79
was irenaeus a disciple of polycarp,0,1,0%,79
who is bede,0,1,0%,79
who was pseudo dionysius,0,1,0%,79
death of james son of zebedee,0,1,0%,80
papias church father,0,1,0%,80
etymologies of isidore of seville,0,1,0%,81
pachomian,0,1,0%,81
what did justin martyr believe,0,1,0%,81
chrysostomos,0,1,0%,82
chrystosom,0,1,0%,82
council of constantinople in 381,0,1,0%,82
cyril of alexandria on the unity of christ,0,1,0%,82
how old were the apostles when jesus called them,0,1,0%,82
monks of nursia,0,1,0%,82
st martin of tours biography,0,1,0%,82
when was eusebius born,0,1,0%,82
when was tertullian alive,0,1,0%,82
constantinople ii,0,1,0%,83
desert father,0,1,0%,83
paul was born in tarsus,0,1,0%,83
when did constantine the great die,0,1,0%,83
who are the apostolic fathers,0,1,0%,83
edict of milan date,0,1,0%,84
st dionysius the areopagite,0,1,0%,84
tertullian carthage,0,1,0%,84
who was chrysostom,0,1,0%,84
who was eusebius of caesarea,0,1,0%,84
biography of constantine the great,0,1,0%,85
how old are the apostles,0,1,0%,85
john chrysotom,0,1,0%,85
life of st martin of tours,0,1,0%,85
saint dionysius the areopagite,0,1,0%,85
the mother of jesus christ,0,1,0%,85
who was paul of tarsus,0,1,0%,85
ambrose of milan,0,1,0%,86
ariuss,0,1,0%,86
augustine of canterbury,0,1,0%,86
cyprian carthage,0,1,0%,86
gregory i pope,0,1,0%,86
was peter the bishop of rome,0,1,0%,86
who is the father and mother of jesus,0,1,0%,86
who was john of damascus,0,1,0%,86
desert fathers history,0,1,0%,87
did clement of rome know peter,0,1,0%,87
how old were the apostles of jesus,0,1,0%,87
was mary magdalene a disciple of jesus christ,0,1,0%,87
was mary mother of jesus at his crucifixion,0,1,0%,87
what was the edict of milan,0,1,0%,87
how old was the apostle peter,0,1,0%,88
lineage of mary mother of jesus,0,1,0%,88
st polycarp of smyrna,0,1,0%,88
was polycarp a disciple of john,0,1,0%,88
athanasius,0,1,0%,89
was apostle paul a pharisee,0,1,0%,89
was eusebius of caesarea an arian,0,1,0%,89
who attended the council of nicaea,0,1,0%,89
who was clement of rome,0,1,0%,89
first council of nicaea,0,1,0%,90
gregory of nyssa the life of moses,0,1,0%,90
how did clement of rome die,0,1,0%,91
jerome's translation of the bible,0,1,0%,91
mary mother of jesus the passion of the christ,0,1,0%,91
saint hippolytus,0,1,0%,91
who was irenaeus a disciple of,0,1,0%,91
basil caesarea,0,1,0%,92
constantinople 2,0,1,0%,92
saint pachomius the great,0,1,0%,92
st clement of alexandria,0,1,0%,92
where was tarsus that paul was from,0,1,0%,92
apostolic age meaning,0,1,0%,93
climacus,0,1,0%,93
council of nicaea 325,0,1,0%,93
ignatius antioch,0,1,0%,93
when was matthew the apostle born,0,1,0%,93
who is jesus's mother and father,0,1,0%,93
who is paul of tarsus,0,1,0%,93
who was james the just,0,1,0%,93
dionysius bible,0,1,0%,94
tarsus people,0,1,0%,94
was mary the mother of jesus at the crucifixion,0,1,0%,94
who is jesus mother and father,0,1,0%,94
apostolic fathers timeline,0,1,0%,95
james the apostle son of zebedee,0,1,0%,95
peter and the early church,0,1,0%,95
tertullian works,0,1,0%,95
who is saint benedict of nursia,0,1,0%,95
council at constantinople,0,1,0%,96
st john cassian,0,1,0%,96
the apostolic fathers in english,0,1,0%,96
who was the first apostle martyred,0,1,0%,96
gregory pope,0,1,0%,97
saint paul of tarsus,0,1,0%,97
was mary magdalene one of the 12 disciples,0,1,0%,97
who was polycarp of smyrna,0,1,0%,97
who was the first apostle to be martyred,0,1,0%,97
who were the desert fathers,0,1,0%,97
augustine hippo,0,1,0%,98
saint cyprian of carthage,0,1,0%,98
st john chrysostom,0,1,0%,98
who was jesus father and mother,0,1,0%,98
when was paul of tarsus born,0,1,0%,99
who is mary the mother of jesus father,0,1,0%,99
who was mary mother of jesus father,0,1,0%,99
who was mary the mother of jesus father,0,1,0%,99
why is jesus called jesus of nazareth,0,1,0%,99
epostolic,0,1,0%,100
st isidore of seville,0,1,0%,100
who was athanasius of alexandria,0,1,0%,100
reddit borderline,0,1,0%,140